{"cameraMode":{"drawMode":0,"name":"Shaded","section":"Shading Mode"},"sceneLighting":true,"audioPlay":false,"sceneViewState":{"m_AlwaysRefresh":false,"showFog":true,"showSkybox":true,"showFlares":true,"showImageEffects":true,"showParticleSystems":true,"showVisualEffectGraphs":true,"m_FxEnabled":true},"in2DMode":false,"pivot":{"x":0.018763884902000428,"y":1.0099111795425416,"z":-9.949999809265137},"rotation":{"x":-0.01918145827949047,"y":-0.028495382517576219,"z":-0.0005474496865645051,"w":0.9994117021560669},"size":0.07781577110290528,"orthographic":false}